<?xml version="1.0" encoding="UTF-8"?>
<configuration status="ERROR">
    <appenders>
        <Console name="Console" target="SYSTEM_OUT">
            <!--
            %-5level 左对齐定长5个字符输出日志级别
            %d{yyyy-MM-dd HH:mm:ss.SSS} 精确到毫秒，输出时间
            %t 日志输出的线程信息
            %logger{36} 输出最多36个字符的日志记录器的名称
            %msg 消息的主体
            %n 换行
            -->
            <PatternLayout
                pattern="[%-5level] %d{yyyy-MM-dd HH:mm:ss.SSS} [%t] %logger{36} - %msg%n" />
        </Console>
    </appenders>
    <loggers>
        <!-- additivity是否叠加到root日志记录器，false表示不叠加 -->
        <logger name="zou" level="trace" additivity="false">
            <appender-ref ref="Console" />
        </logger>
        <logger name="org.springframework" level="trace" additivity="false">
            <appender-ref ref="Console" />
        </logger>
<!--         <logger name="org.hibernate" level="trace" additivity="false">
            <appender-ref ref="Console" />
        </logger> -->
        <logger name="zou" level="trace" additivity="false">
            <appender-ref ref="Console" />
        </logger>
        <logger name="org.hibernate.SQL" level="trace" additivity="false">
            <appender-ref ref="Console" />
        </logger>
      
        <logger name="org.hibernate.type.descriptor.sql.BasicBinder" level="trace" additivity="false">
            <appender-ref ref="Console" />
        </logger>
		
        <!-- root日志记录器 -->
        <root level="error">
            <appender-ref ref="Console" />
        </root>
    </loggers>
</configuration>