<?xml version="1.0" encoding="UTF-8"?>
<beans xmlns="http://www.springframework.org/schema/beans"
	xmlns:xsi="http://www.w3.org/2001/XMLSchema-instance" xmlns:context="http://www.springframework.org/schema/context"
	xmlns:tx="http://www.springframework.org/schema/tx"
	xsi:schemaLocation="http://www.springframework.org/schema/beans
        http://www.springframework.org/schema/beans/spring-beans.xsd
        http://www.springframework.org/schema/context
        http://www.springframework.org/schema/context/spring-context.xsd
        http://www.springframework.org/schema/tx
        http://www.springframework.org/schema/tx/spring-tx.xsd">

	<!-- 在ComboPooledDataSource类里面，会自动读取类路径里面的c3p0.properties文件 -->
	<!-- 在这个文件里面，读取c3p0开头的键值对，作为数据库的连接参数 -->
	<bean id="dataSource" class="com.mchange.v2.c3p0.ComboPooledDataSource"
		destroy-method="close">
	</bean>

	<!-- 配置事务管理器，保证操作的原子性、一致性、隔离性 -->
	<bean id="transactionManager"
		class="org.springframework.orm.hibernate5.HibernateTransactionManager">
		<property name="sessionFactory" ref="sessionFactory" />
			<property name="globalRollbackOnParticipationFailure" value="false" /> <!--指定此参数为false-->
	</bean>
	
	
	<tx:annotation-driven />

	<!-- 配置Hibernate的工厂Bean -->
	<bean id="sessionFactory"
		class="org.springframework.orm.hibernate5.LocalSessionFactoryBean">
		<property name="dataSource" ref="dataSource"></property>

		<property name="packagesToScan">
			<!-- 配置所有模块需要被扫描的domain包 -->
			<value>
				zou.identity.domain
			</value>
		</property>
		<property name="hibernateProperties">
			<value>
				hibernate.hbm2ddl.auto=update
				hibernate.dialect=org.hibernate.dialect.MySQL57Dialect
			</value>
		</property>
	</bean>
		
		
</beans>