<?xml version="1.0" encoding="UTF-8"?>
<beans xmlns="http://www.springframework.org/schema/beans"
	xmlns:xsi="http://www.w3.org/2001/XMLSchema-instance" xmlns:context="http://www.springframework.org/schema/context"
	xmlns:mvc="http://www.springframework.org/schema/mvc"
	xsi:schemaLocation="http://www.springframework.org/schema/beans
        http://www.springframework.org/schema/beans/spring-beans.xsd
        http://www.springframework.org/schema/context
        http://www.springframework.org/schema/context/spring-context.xsd
        http://www.springframework.org/schema/mvc
        http://www.springframework.org/schema/mvc/spring-mvc.xsd">

	<!-- 包含统一的配置文件 -->
	<import resource="classpath:spring/applicationContext-mvc.xml" />
	<!-- 扫描控制器（Action） -->
	<context:component-scan base-package="zou.identity.action" />

	<!-- 视图解析器，为了负责去找到jsp相关的视图文件 -->
	<bean id="viewResolver"
		class="org.springframework.web.servlet.view.InternalResourceViewResolver">
		<!-- 假设SpringMVC的Controller返回xyz，那么根据下面配置的前缀和后缀，会生成一个 /WEB-INF/content/xyz.jsp 
			这样的一个字符串 -->
		<!-- 前缀 -->
		<property name="prefix">
			<value>/WEB-INF/view/identity/</value>
		</property>
		<!-- 后缀 -->
		<property name="suffix">
			<value>.jsp</value>
		</property>
	</bean>

</beans>